{"07/2tR5Y9NqzQvGy9QXKmg==":"prodentim-1.png","4iDVcm77ZDcsSWhiXuwpHQ==":"prodentim-strawberry-1.png","/WzfDQ5pjNy8bez5z1JYJw==":"guarantee-badge-1.png","vlPR+Nx2ErCyzRtZSYjzxA==":"image-65.jpg","wpQgZR7gqepaLvMfZSw5ZQ==":"image-26.jpg","5HtCTkU4cdUvO8TbkMxI5g==":"image-59.jpg","D5VKh0jDvEJvCfFA5yJiaw==":"image-28.jpg","cNFpIcPY2vspYwmHLPdBZg==":"image-33.jpg","z2wlLMXLPKVU5dSTbV4Whw==":"image3-1.png","5NhNcVyt/+2l1r7cpbxXQA==":"image1-1.png","IZXApaIfZZszDiJBlN4gIA==":"image-2.png","zy1vX7yDGrtEtGxvOpkWpQ==":"image1-2.png","3ZLJ2bGbxahKVo0Ls3sd3g==":"prod-1-bottle-1.png","lQ6M331UcgL/pS2Blgngtw==":"bonus1-1.jpg","mTcImmbIYXQz59zBhRwIig==":"bonus2-1.jpg","pnDcnKA/ljl0YCxH9LGrGQ==":"prod-1-bottle-2.png","L+RjLfJH7EIHvGahN96zNw==":"prod-1-bottle-3.png","1pnZLqiO8xue46R2mPkM/w==":"prodentim-3-bottles%20(1)-577x1288.jpg","pvKHflYLnn46kbTbWSzB/A==":"prodentim-1-bottle%20(1)-566x1301.jpg","r2u9Xa/BaS9pwI2nUaMuWQ==":"image4.jpg","k6Dr9Xhy8kaOGgdxDMVm5A==":"prodentim-6-bottles%20(1)-616x1417.jpg","oRykAiO0rUD++7AmPeEwUg==":"background1.jpg","n1dx+NZv3qks526xC0hZ5Q==":"background13.jpg","9P6Ywm4VU0TEmSYsN8q5QQ==":"prodentim-strawberry-1-1047x843.png","5zfv0b4anV8waeEzfdTeRw==":"prodentim-supplement-facts-1280x497.jpg","f72Ynz8scrmtn8m7Qlu4aA==":"prodentim-review-1000x270.png","iwbnBQ1eKYuUDpatBtPc7A==":"prodentim-review-1-1000x270.png","ilEa7KA3O07AdPIdP/VBAQ==":"image-2-1-144x144.png","gIjcdzR4zVxq1hLJxksLYQ==":"image3-1-144x144.png","e9SbM2gxXxJUtO4qbPmMjg==":"image1-1-144x144.png","Rdj3mv+6XQYVo+za/OQBfQ==":"prodentim-strawberry-2-1047x843.png","7i8bgZiWxHDvGKgQfzNbiw==":"prodentim-strawberry-3-1047x843.png","CQN3i58gqitp4RwHjDcJXA==":"prodentim-order-page-2010x3024.jpg","UclOwuDLSkgmW9osQIADCg==":"logo.png","5mXVyUUOCjVJztqAE0yJKQ==":"prodentim-10-224x32.png","M3Zyt5V5s3mzkmFFj9WLPQ==":"prodentim-supplement-715x1259.png","LDSdD+ixfmE2IWydBpZwXQ==":"prodentim-strawberry-1-980x789.png","tIFxkwWbrlG+HXtBwRuxsQ==":"prod_6_bottle-1-993x717.png","x/Pz999TchwktMLvW36CJA==":"revivedaily-600x655.png","TKQErDTB8x0Qn2OzaxHldQ==":"revive-daily-6-bottles-high-601x511.png","7+taAyGHVh6rIUpn2ciOAg==":"revive-daily-supplement-facts-1836x698.png","rLi/orjsDlYAR8cUBDWySg==":"revive-daily-1-bottles-641x1342.png","MUnwygVH9ufBl5rkCwLeqw==":"revive-daily-6-bottles-641x1342.png","A/b0OY5ORIXRCRY1chVCJA==":"revive-daily-3-bottles-641x1342.png","Z4bBxMuI+l8KVJXcH8PYOw==":"background2-1.jpg","wzjHKEFyvYMVFCzW10bg0g==":"milk-thiste-1800-x-600-px--1646x549.png","ZQz6oEinAOFuSQf2hjdZKA==":"revive-daily-order-page%20(1)-1646x2346.png","MsBZwyQF5gTSKicPAENUNg==":"tea-burn-money-back-special-440x370.png","JZnLyru+T2PI11HlUKyTmg==":"background1-1.jpg","8sM0W4K0yh28UfHiLF5vpA==":"image-20-100x100.jpg","K4QygFHgDhhMNxFNVdiJ9w==":"image-21-100x100.jpg","1epLIs7loY+K58f6xxkSXw==":"image-22-100x100.jpg","FJ6sEUlGY3zG1PxKMZlGFw==":"image%20(61)-100x100.jpg","rSmkmESmgE2QyGMIs0ceag==":"buy-now-1.gif","gzVNV9FDw+NdfpBkkAl1fQ==":"sonovive-1-bottle-596x1301.jpg","lmzvcwfJPL0xc4oZynErJg==":"sonovive-6-bottles-596x1301.jpg","S+XNThiksB2VxJ39SNv1mQ==":"sonovive-3-bottles-590x1294.jpg","4NSXXy3+8zhQGJtQLkHGIA==":"sonovive-824x709.png","p5EELAf2dx1Pn/CQ+LP9AQ==":"sonovive-order-page-1646x2628.jpg","nRanz62C2P5htLsFbRdeLg==":"sonovive-supplement-facts-1280x477.jpg","GEWqOW2hgHgfCBdpCq3Z1w==":"sonovive-hearing-supplement-715x1259.png","2tUF5i2xvZ2/cCeFe55vXg==":"red-geo-1024x768.png","Y8NQT7dLj3nUzTpYMLHoMw==":"revitaa-pro-fda-approved%20(1)-886x173.png","3yIBqU5EWgM/Q0mIBN+m0g==":"javaburncoffee444-1305x156.png","DIOQA8+pajZFWLyDqCli1A==":"sonovive-warning-1646x153.jpg","SO4qRNmgMThKEmP2BBs2eQ==":"fluxactive-complete-6%20(1)-400x250.png","0+j5VxPXv13P2pmJ4aTe2Q==":"background4.jpg","/nRB603vl1AtiaIWNkIegg==":"pttrim-supplement-ordernow.gif","Va3w2CfyjTPVWMqYaoR9Ww==":"gmp-certified%20(1)%20-%20edited-1076x210.png","Q3Iy98t36yM/pkqXwvrg8Q==":"background7.jpg","/htIikhy1J22hYD0TPL+WQ==":"credit-cards-fs-588x72.jpg","SZ/zbT0EAwDTF8ZyAQDq8w==":"212-506x506.jpg","hrinxi+SFxQ2fclSkBaZhw==":"image%20(52)-506x506.jpg","TH3lqt+AtyssVjAGqxGMzA==":"image%20(65)-506x506.jpg","3nGiB8dGR/5+F1GU7orY4Q==":"image%20(38)-506x506.jpg","wkIFrJybFUUAV6BgYtvLmg==":"red%20boost%20reviews-281x256.png","bV2vNs8HUGgs4JQNoHzxrA==":"red-boost-product-301x296.png","dUZr8bgvHWiGJzdv8V0TbA==":"small-muscle-383x286.png","oBSJZwvcKeVup3hekwLd9w==":"red-boost-image-387x264.png","63XpET9bTCWwmzGDwI/26A==":"redboost-1-bottle.png-473x1035.jpg","3xgpM0KKzc7nnWOIta6nQQ==":"redboost-6-bottle.png-474x1021.jpg","GWCDR3TCSf0gVlL08i2Ilg==":"redboost-3-bottle.png-474x1060.jpg","EZHZ02r0qaTB/hZOO7Qk9g==":"194855-popular-red-gradient-background-2880x1800-for-htc-2000x1250.jpg","RVqoIH/aCpRUAT4j3OPTTw==":"red-boost-1-bottle-539x1346.jpg","jFKz3haZSWaUU8Ax/yNgIg==":"red-boost-6-bottles-539x1346.jpg","oKplecToV5po5nwzeN1Bqg==":"red-boost-3-bottles-539x1346.jpg","nxlmY1xTKPPg5R2ek3JHYQ==":"red-boost-single-product-402x395.png","Q4Nf6ZNCl4BHaNz3ee0Aeg==":"red-boost-1-824x709.png","FS6ZLTt+bXpvtPOxSSbuIw==":"180-day-money-back-guarantee-600x600.png","LYZ51MU+sTIcp2C7R3Qy2Q==":"wtxgdbg%20(1)-2000x1055.jpg","uQTT86SetiSJNsotMM+8EQ==":"red-boost-supplement-fact-1646x599.jpg","VwWaMF7zd/ZPEeDYAInRtg==":"red-boost-warning-2238x197.jpg","I5K4Hp671NfmyvGT7dhUIQ==":"logo-1.png","8pmu5aKIaSrWwx3aPWkFuQ==":"jim-d.-315x315.jpg","qo5udfBbKz68NeYGzk8d5A==":"image%20(1)-315x315.jpg","qaMy9IaawEa0SVd9YaB0sg==":"team3.jpg","Epb5gp+4+LosMotYsXrzgQ==":"team4.jpg","XEz373c3f7sQdiWmJoLc7g==":"image%20(35)-315x315.jpg","GZ5a+6SIeXcO6XoeoBMyuw==":"212-315x315.jpg","0UQLX7WVgZg2WeQxcdhrDQ==":"image%20(52)-315x315.jpg","yP1Zl+ZokeSpy9TxNSwLTw==":"couple.webp","hBhqGc3lIYPTqkgwKP7eHA==":"cirle-mob.webp","DV0ApVZyKxGnXpahglRalQ==":"man-depressed-515x344.png","zUdeXsK64OvV7/b5k15VaQ==":"who-gmp-certification-280x267.png","g6I5THQcMoCamlVRlalfPw==":"image-40-300x300.jpg","UraFLY60QrqlKAL0qN1g5Q==":"image%20(52)-600x600.jpg","xQPO9H0fZLxiHZOJFaNZmQ==":"jim-d.-600x600.jpg","qlCIy6C3t0XbC7169bbDGw==":"untitled%20design%20(41)-695x365.png","e8uDkCS4uyBwmyAybGAqgg==":"untitled%20design%20(42)-695x364.png","mSN7viPVoVUI2PKTHXIw6w==":"untitled%20design%20(40)-695x364.png","yLDLt4x/yhmVO9yhu8cSYQ==":"team4-1.jpg","KPrdyX07BOJwdIy9aTnP6Q==":"fluxactive-complete-2-1-768x525%20(1)-768x525.png","aVPeqgBjS/3s06JgtAvvEw==":"buy-412x196.png","mdaXncUmc9moDqKiUyme6w==":"hero-bg-1920x800.jpg","GpIkyoX2FWFayBNzm2t+Jg==":"out-1cas-1076x792.png","s4EIQaTD/uX5CivF3jtFlw==":"untitled-design-34-690x830.png","ucK9f0aT6Z1vxeSjiCe9Ug==":"untitled-200-120-px-3-280x168.png","04ax0I/ckkbxWBaBkS1toQ==":"untitled-200-120-px-1-280x168.png","MV57MRW01OGbiLUdffj8KQ==":"untitled-200-120-px-2-280x168.png","gEebz1DitkDdhRQ0kO7H/A==":"untitled-200-120-px-280x168.png","Vb7GgbMoe0curpGYBParsg==":"background3.jpg","ze/ET+aOXt4ngeu9yWls0A==":"screencapture-ssl-clickbank-net-order-orderform-html-2022-10-29-15-21-51v-1293x1622.png","CbkZblGWeEXelSXeLaefOg==":"180-days-moneyback-guarantee-680x450.png","6IlMIM2KR5CU+XQ0nrRwcw==":"pub-mini-886x666.png","TOzNVc0CRyVglnMyLQYsSQ==":"prostrastream-bg-1920x1080.jpg","L14CeV7DcVunI30b+j95fw==":"out-1cas-1-1076x792.png","IR50eEAa/gjv9e3Jv2cWTg==":"background5.jpg","PmgFsEcZIKMXB1CqKFfsSA==":"gutvita-buy-1496x920.png","yUWVxokkNsZPowwJ/DgMCA==":"untitled-design-97-740x104.png","In2u/BrbVu0x3KTehwugDA==":"ikaria-lean-belly-juice-1120x853%20(1)-1076x819.png","n3RWP44qBxUhHM50mEiOvQ==":"ikaria-lean-belly-juice-886x675.png","Cr4z76hoDyqwYcQuQqVdWA==":"ikaria-lean-belly-juice-supplement-690x830.png","ZWUCe4nIfM1V77xqPufCJw==":"out-1cas-1-886x652.png","ldzYh3BGae2cOE69GV1wVw==":"untitled-1120-853-px-37-1076x819.png","0r+hXjZXxDCYHskEPAhxqw==":"buy-prodentim-690x830.png","vDFry+TL3UQeZG3pYm1dCA==":"prodentim-price-1836x1410.png","TpiSyl+57dAqpQ+b23gigQ==":"untitled-design-46-680x450.png","5biAw1IOHMpwLzZbxRJ3Aw==":"prodentim-order-1646x2213.jpg","6sJ8wguL1cnwqjemAxE92w==":"w1-695x365.png","vusjzV9drPdEK8wzK1WWtw==":"w2-695x364.png","SXNisVSJfzCqA+AIH8xAOA==":"out-30-695x364.png","eNRbXXmJi0o4NZqEOxuPCw==":"untitled-1120-853-px-37-1120x853%20(1)-861x656.png","q+fZnHVEwKjGFTG4asBUbw==":"w2-1-695x364.png","7ebt4kmr5LL423senmIUXg==":"w1-695x364.png","xFMpjvgY2Ru/mAGnHnVMRg==":"m3-695x365.png","0ctEIU5MrJlLJh5dC7JecQ==":"image%20(7)-695x695.jpg","atMwaU9DEzuV/3A7lNeo0Q==":"untitled%20design%20(5)-695x364.png","cRAo9A/aJ2Xupo/XVA+mUQ==":"untitled%20design%20(4)-695x364.png","SGabefhaMXUfMnWpLeUWsA==":"untitled%20design%20(2)-695x364.png","rBUTyGVRtnkObyCyD4HoqQ==":"untitled%20design%20(6)-695x364.png","0S7A47VyP47BHAL05DbUKA==":"untitled%20design%20(7)-695x364.png","jDEwDyJY1kAUc/IuFiSnhg==":"untitled%20design%20(8)-695x364.png","Wg2iLF/OSc2VPiprs8Q1uA==":"untitled%20design%20(9)-695x364.png","YT8GT4j2P3em2BwynsmrxQ==":"untitled%20design%20(11)-695x364.png","9ag64RrIYj3rbuxlhVngmg==":"untitled%20design%20(10)-695x364.png","3N+95hOo/LfY1oGGxk5HhA==":"untitled%20design%20(12)-695x364.png","Xvkys70pcY9QnAqsDxBxHQ==":"nano-towels-product-image.jpg","jJ3ilEXF8zaoW5YwOEBF+w==":"prodentim-strawberry-1-1036x834.png","xEZBtHTYOUfxcA1K/gkj3Q==":"prodentim-strawberry-1-1036x834.webp","nXBIOqGfzlXyOk98BebV7A==":"untitled-200-120-px-280x168.webp","JUd148/xHEBczHnC38qRJQ==":"untitled-200-120-px-3-280x168.webp","tuMH7m2Ys0OTDaLC2AeuUA==":"untitled-200-120-px-2-280x168.webp","EetfWrbBBBuL5VnInYek3g==":"untitled-200-120-px-1-280x168.webp","cYI1n/Sf/TvYeZ0qCDxKDQ==":"w1-695x365.webp","4F9cE6oFNmRbK7QJrzeg9w==":"out-30-695x364.webp","OuJVvRNp7+spPbqyJy5Xww==":"w2-695x364.webp","mTYWVZVepvooeWt2LbMQCQ==":"buy-prodentim-690x830.webp","UGJm/bMO3+6rz4ZWuX39eA==":"prodentim-price-1836x1410.webp","ZKMK+6VaIsoaeg76bmWT+g==":"untitled-design-46-680x450.webp","B+mMibBEMB63spuP8FJuQg==":"prodentim-order-1646x2213.webp","7yypdprVk8EZO8CFbUZ8JQ==":"prodentim-full.webp","0qWAJABhFwCRmecfQynPTQ==":"prodx3-500px-337x342.webp","WCf97Lu9ZTHybdvzakXyLw==":"gluco-fence-works-729x766.webp","e+ZFZJuUqXXsPggeELQWOg==":"seroskin.webp","bWNQ5uTViC2acdbj5Vu8jw==":"prodentim-review-1000x270.png","ULkTs4RUsbEUwIk68JpXug==":"credit-cards-fs-1-588x72.jpg","EwfnIKquMknzaMWYwRtMdg==":"tonic-greens-user-2-494x449.jpg","SXeNYNZJwEuJnVJmhfURNA==":"lisa-weishaar-seriskin-happy-customer-240x240.webp","ePkif3avcINQucDn7nAWaw==":"tonic-guards-user-3-362x295.jpg","o14kqsi7NwJW+uk6iQdMIA==":"prodentim-supplement-715x1259-1-715x1259.png","Qtz3QQr8ubAwNhXEzgnJOA==":"credit-cards-fs-1-588x72.webp","hVdJNqS191ZAl/8BlRdjLQ==":"prodentim-review-1000x270.webp","W+omJ/xhuhZ3Tky8Q1aVaA==":"tonic-greens-user-2-494x449.webp","TZsK1hGMPp99aEcWQj8Niw==":"tonic-guards-user-3-362x295.webp","XUinSripiLfxxNv/gwk+6w==":"children.jpg"}